Ip Address,Port,Country, City,Ping ⇡,Type,Anonymity,Uptime ⇡,Last Status,Last Check ⇡
146.190.224.4,8888,,,360,https,Elite,25,0% (1),OK,1 minutes
165.232.149.87,8888,,,346,https,Elite,50,0% (6),OK,2 minutes
40.129.203.4,8080,https
143.198.40.24,8888,https
163.116.131.129,8080,https
139.59.88.145,8888,https
174.138.16.96,8888,https
169.57.1.85,8123,Mexico Mexico City,1020 ms,https,High,6 minutes
162.214.3.183,3128,United States,960 ms,https,High,9 minutes
51.68.207.81,80,United Kingdom,280 ms,https,High,16 minutes
20.111.54.16,8123,France Paris,400 ms,https,High,18 minutes
145.40.121.89,3128,Brazil São Paulo,3420 ms,https,High,20 minutes
51.68.207.81,443,United Kingdom Hailsham,300 ms,https,High,20 minutes
159.65.209.73,3128,United Kingdom London,260 ms,https,High,20 minutes
20.210.113.32,80,Japan Tokyo,1260 ms,https,High,20 minutes
68.183.242.248,3128,Germany Frankfurt am Main,820 ms,https,High,20 minutes
145.40.121.169,3128,Brazil São Paulo,920 ms,https,no,20 minutes
159.203.84.241,3128,United States Clifton,580 ms,https,High,20 minutes
89.43.31.134,3128,Turkey,500 ms,https,High,20 minutes
